"customer_id","customer_name","postal_code","segment"
"GH-14485","Gene Hale","75080","Corporate"
"SN-20710","Steve Nguyen","77041","Home Office"
"LC-16930","Linda Cazamias","60540","Corporate"
"RA-19885","Ruben Ausman","90049","Corporate"
"ES-14080","Erin Smith","32935","Corporate"
"ON-18715","Odella Nelson","55122","Corporate"
"PO-18865","Patrick O'Donnell","48185","Consumer"
"LH-16900","Lena Hernandez","19901","Consumer"
"DP-13000","Darren Powers","47150","Consumer"
"JM-15265","Janet Molinari","10024","Corporate"
"TB-21055","Ted Butterfield","12180","Consumer"
"KM-16720","Kunst Miller","90004","Consumer"
"PS-18970","Paul Stevenson","60610","Home Office"
"BS-11590","Brendan Sweed","85234","Corporate"
"KD-16270","Karen Daniels","22153","Consumer"
"HM-14980","Henry MacAllister","10009","Consumer"
"JE-15745","Joel Eaton","38109","Consumer"
"KB-16600","Ken Brennan","77041","Corporate"
"SC-20770","Stewart Carmichael","35601","Corporate"
"DN-13690","Duane Noonan","94122","Consumer"
"JC-16105","Julie Creighton","27707","Corporate"
"CS-12400","Christopher Schild","60623","Home Office"
"PG-18895","Paul Gonzalez","55901","Consumer"
"GM-14455","Gary Mitchum","77095","Home Office"
"JS-15685","Jim Sink","90036","Corporate"
"KB-16315","Karl Braun","55407","Consumer"
"RB-19705","Roger Barcio","97206","Home Office"
"PN-18775","Parhena Norris","10009","Home Office"
"KD-16345","Katherine Ducich","94122","Consumer"
"ER-13855","Elpida Rittenbach","55106","Corporate"
"RB-19465","Rick Bensley","60610","Home Office"
"GZ-14470","Gary Zandusky","55901","Consumer"
"LC-16870","Lena Cacioppo","80013","Consumer"
"JM-15250","Janet Martin","28205","Consumer"
"PA-19060","Pete Armstrong","60462","Home Office"
"CV-12805","Cynthia Voltz","10035","Corporate"
"CL-12565","Clay Ludtke","50322","Consumer"
"RC-19960","Ryan Crowe","43229","Consumer"
"DK-13090","Dave Kipp","98103","Consumer"
"GG-14650","Greg Guthrie","37620","Corporate"
"SC-20725","Steven Cartwright","19805","Consumer"
"AD-10180","Alan Dominguez","77041","Home Office"
"PF-19165","Philip Fox","61701","Consumer"
"TS-21610","Troy Staebel","85023","Consumer"
"LS-16975","Lindsay Shagiari","90004","Home Office"
"DW-13585","Dorothy Wardle","43229","Corporate"
"LC-16885","Lena Creighton","95661","Consumer"
"JD-15895","Jonathan Doherty","19140","Corporate"
"SH-19975","Sally Hughsby","94122","Corporate"
"SG-20080","Sandra Glassco","64055","Consumer"
"HA-14920","Helen Andreada","91104","Consumer"
"MG-17680","Maureen Gastineau","43055","Home Office"
"JE-16165","Justin Ellison","53132","Corporate"
"TW-21025","Tamara Willingham","85254","Home Office"
"SP-20650","Stephanie Phelps","95123","Corporate"
"NK-18490","Neil Knudson","98105","Home Office"
"DB-13060","Dave Brooks","98115","Consumer"
"NP-18670","Nora Paige","73034","Consumer"
"TT-21070","Ted Trevino","90045","Consumer"
"EM-13960","Eric Murdock","19134","Consumer"
"RD-19900","Ruben Dartt","88220","Consumer"
"MJ-17740","Max Jones","98115","Consumer"
"BM-11140","Becky Martin","78207","Consumer"
"CS-12130","Chad Sievert","90004","Consumer"
"JB-15400","Jennifer Braxton","60623","Corporate"
"SJ-20500","Shirley Jackson","77036","Consumer"
"JK-15640","Jim Kriz","10009","Home Office"
"DK-13150","David Kendrick","62521","Corporate"
"RM-19675","Robert Marley","71203","Home Office"
"SK-19990","Sally Knutson","6824","Consumer"
"FM-14290","Frank Merwin","90032","Home Office"
"AM-10360","Alice McCarthy","75051","Corporate"
"MP-17470","Mark Packer","10035","Home Office"
"MZ-17515","Mary Zewe","92374","Corporate"
"CB-12025","Cassandra Brandow","45011","Consumer"
"VM-21685","Valerie Mitchum","7090","Home Office"
"FH-14365","Fred Hopkins","19120","Corporate"
"MB-17305","Maria Bertelson","44312","Consumer"
"BS-11755","Bruce Stewart","80219","Consumer"
"LC-17140","Logan Currie","75220","Consumer"
"HK-14890","Heather Kirkland","37064","Corporate"
"LE-16810","Laurel Elliston","90604","Consumer"
"JH-15985","Joseph Holt","48601","Consumer"
"MS-17980","Michael Stewart","75220","Corporate"
"VW-21775","Victoria Wilson","44256","Corporate"
"JH-15910","Jonathan Howell","90032","Consumer"
"JB-15925","Joni Blumstein","43017","Consumer"
"DS-13180","David Smith","48227","Corporate"
"VD-21670","Valerie Dominguez","38401","Consumer"
"EA-14035","Erin Ashbrook","28205","Corporate"
"DB-13120","David Bremer","95051","Corporate"
"KL-16645","Ken Lonsdale","60610","Consumer"
"DW-13480","Dianna Wilson","55044","Home Office"
"LH-17155","Logan Haushalter","94109","Consumer"
"KC-16540","Kelly Collister","92037","Consumer"
"DL-13315","Delfina Latchford","10024","Consumer"
"DR-12880","Dan Reichenbach","60623","Corporate"
"CC-12670","Craig Carreira","10009","Consumer"
"Dl-13600","Dorris liebe","77506","Corporate"
"SB-20290","Sean Braxton","77036","Corporate"
"RC-19825","Roy Collins","60610","Consumer"
"AH-10210","Alan Hwang","94513","Consumer"
"CB-12535","Claudia Bergmann","27514","Corporate"
"CA-12310","Christine Abelman","45231","Corporate"
"KH-16690","Kristen Hastings","94110","Corporate"
"BB-10990","Barry Blumstein","90301","Corporate"
"AG-10495","Andrew Gjertsen","19140","Corporate"
"JO-15280","Jas O'Carroll","90004","Consumer"
"AH-10195","Alan Haines","33319","Corporate"
"NZ-18565","Nick Zandusky","43229","Home Office"
"KL-16555","Kelly Lampkin","80906","Corporate"
"AS-10225","Alan Schoenberger","10024","Corporate"
"CR-12625","Corey Roper","8701","Home Office"
"SH-20395","Shahid Hopkins","22204","Consumer"
"BP-11185","Ben Peterman","80004","Corporate"
"TS-21205","Thomas Seio","7601","Corporate"
"AG-10525","Andy Gerbode","33710","Corporate"
"SP-20860","Sung Pak","19143","Corporate"
"NM-18445","Nathan Mautz","10024","Home Office"
"FA-14230","Frank Atkinson","90805","Corporate"
"GK-14620","Grace Kelly","92345","Corporate"
"DJ-13510","Don Jones","37130","Corporate"
"PO-18850","Patrick O'Brill","19143","Consumer"
"JL-15850","John Lucas","19134","Consumer"
"DB-13615","Doug Bickford","90045","Consumer"
"AC-10420","Alyssa Crouse","94122","Corporate"
"CC-12550","Clay Cheatham","94122","Consumer"
"TD-20995","Tamara Dahlen","1852","Consumer"
"AB-10060","Adam Bellavance","10009","Home Office"
"JL-15505","Jeremy Lonsdale","10035","Consumer"
"VB-21745","Victoria Brennan","31907","Corporate"
"KW-16435","Katrina Willman","10009","Consumer"
"JD-16060","Julia Dunbar","94109","Consumer"
"MK-17905","Michael Kennedy","6040","Corporate"
"GT-14755","Guy Thornton","78550","Consumer"
"AG-10900","Arthur Gainer","85705","Consumer"
"MM-18280","Muhammed MacIntyre","62301","Corporate"
"AR-10405","Allen Rosenblatt","2038","Corporate"
"RA-19915","Russell Applegate","77095","Consumer"
"AS-10285","Alejandro Savely","94109","Corporate"
"LA-16780","Laura Armstrong","48180","Corporate"
"DO-13435","Denny Ordway","33024","Consumer"
"DK-13225","Dean Katz","19140","Corporate"
"NG-18430","Nathan Gelder","45231","Consumer"
"MV-18190","Mike Vittorini","10009","Consumer"
"BP-11095","Bart Pistole","61604","Corporate"
"VP-21730","Victor Preis","89115","Home Office"
"SS-20140","Saphhira Shifley","2886","Corporate"
"AG-10675","Anna Gayman","77036","Consumer"
"LF-17185","Luke Foster","33180","Consumer"
"RF-19840","Roy Franzosisch","10024","Consumer"
"KH-16510","Keith Herrera","94110","Consumer"
"KC-16675","Kimberly Carter","98105","Corporate"
"CJ-12010","Caroline Jumper","92646","Consumer"
"PB-19150","Philip Brown","90004","Consumer"
"MP-17965","Michael Paige","1841","Corporate"
"NF-18385","Natalie Fritzler","39212","Consumer"
"SD-20485","Shirley Daniels","10801","Home Office"
"KH-16630","Ken Heidel","78207","Corporate"
"RB-19795","Ross Baird","28052","Home Office"
"MK-18160","Mike Kennedy","32216","Consumer"
"PO-19180","Philisse Overcash","60623","Home Office"
"BB-11545","Brenda Bowman","77070","Corporate"
"TB-21595","Troy Blackwell","47201","Consumer"
"RB-19360","Raymond Buch","13021","Consumer"
"EB-13705","Ed Braxton","44312","Corporate"
"SC-20095","Sanjit Chand","94521","Consumer"
"TN-21040","Tanja Norvell","85023","Home Office"
"JS-15940","Joni Sundaresam","60068","Home Office"
"MH-17785","Maya Herman","11757","Corporate"
"JP-15520","Jeremy Pistek","94110","Consumer"
"JE-15475","Jeremy Ellison","12180","Consumer"
"JG-15805","John Grady","10024","Corporate"
"XP-21865","Xylona Preis","92024","Consumer"
"EM-14065","Erin Mull","10024","Consumer"
"MT-18070","Michelle Tran","90045","Home Office"
"SA-20830","Sue Ann Reed","60610","Consumer"
"CW-11905","Carl Weiss","77340","Home Office"
"AJ-10960","Astrea Jones","14609","Consumer"
"SS-20590","Sonia Sunley","98115","Consumer"
"RO-19780","Rose O'Brian","38109","Consumer"
"MD-17350","Maribeth Dona","72701","Consumer"
"MY-17380","Maribeth Yedwab","80134","Corporate"
"CM-12385","Christopher Martinez","30318","Consumer"
"LS-17245","Lynn Smith","64118","Consumer"
"BN-11515","Bradley Nguyen","90049","Consumer"
"DB-13210","Dean Braden","77041","Consumer"
"MC-17605","Matt Connell","48234","Corporate"
"BD-11605","Brian Dahlen","1841","Consumer"
"PH-18790","Patricia Hirasaki","33801","Home Office"
"MG-18145","Mike Gockenbach","19134","Consumer"
"KB-16240","Karen Bern","90036","Corporate"
"JC-15340","Jasper Cacioppo","90032","Consumer"
"RL-19615","Rob Lucas","36116","Consumer"
"AA-10375","Allen Armold","85204","Consumer"
"EP-13915","Emily Phan","60653","Consumer"
"DK-12985","Darren Koutras","42420","Consumer"
"BD-11500","Bradley Drucker","54302","Consumer"
"LM-17065","Liz MacKendrick","45503","Consumer"
"AS-10135","Adrian Shami","10035","Home Office"
"BD-11320","Bill Donatelli","94110","Consumer"
"GT-14710","Greg Tran","77070","Consumer"
"AJ-10945","Ashley Jarboe","28403","Consumer"
"OT-18730","Olvera Toch","90045","Consumer"
"LP-17080","Liz Pelletier","94110","Consumer"
"CA-12775","Cynthia Arntzen","33614","Consumer"
"JF-15490","Jeremy Farry","98105","Consumer"
"FP-14320","Frank Preis","90008","Consumer"
"EB-13840","Ellis Ballard","98105","Corporate"
"JF-15415","Jennifer Ferguson","10024","Consumer"
"SF-20200","Sarah Foster","98270","Consumer"
"TG-21640","Trudy Glocke","90805","Consumer"
"CS-11950","Carlos Soltero","60610","Consumer"
"CC-12145","Charles Crestani","90004","Consumer"
"DV-13465","Dianna Vittorini","80219","Consumer"
"BD-11725","Bruce Degenhardt","40475","Consumer"
"ZC-21910","Zuschuss Carroll","97301","Consumer"
"MS-17830","Melanie Seite","78041","Consumer"
"LR-16915","Lena Radford","92024","Consumer"
"TP-21130","Theone Pippenger","19134","Consumer"
"CK-12205","Chloris Kastensmidt","19120","Consumer"
"AS-10240","Alan Shonely","33614","Consumer"
"AR-10510","Andrew Roberts","19134","Consumer"
"NB-18655","Nona Balk","75217","Corporate"
"GD-14590","Giulietta Dortch","19143","Corporate"
"CK-12595","Clytie Kelty","43123","Consumer"
"NG-18355","Nat Gilpin","10011","Corporate"
"CA-12265","Christina Anderson","60610","Consumer"
"SF-20965","Sylvia Foulston","48126","Corporate"
"MO-17800","Meg O'Connel","10009","Home Office"
"AT-10735","Annie Thurman","98115","Consumer"
"FM-14380","Fred McMath","80013","Consumer"
"DJ-13420","Denny Joy","31088","Corporate"
"ME-17725","Max Engle","80013","Consumer"
"JD-16150","Justin Deggeller","55407","Corporate"
"JL-15835","John Lee","92691","Consumer"
"SC-20305","Sean Christensen","48307","Consumer"
"CC-12430","Chuck Clark","47201","Home Office"
"AR-10825","Anthony Rawles","98661","Corporate"
"SR-20740","Steven Roelle","10024","Home Office"
"123","arc ",NULL,NULL
"CR-12730","Craig Reiter","43229","Consumer"
"EH-14125","Eugene Hildebrand","60505","Home Office"
"SP-20545","Sibella Parks","10011","Corporate"
"TH-21235","Tiffany House","75081","Corporate"
"RP-19390","Resi Polking","44105","Consumer"
"RB-19570","Rob Beeghly","47201","Consumer"
"CD-11980","Carol Darley","75701","Consumer"
"DJ-13630","Doug Jacobs","10024","Consumer"
"GT-14635","Grant Thornton","27217","Corporate"
"MC-17845","Michael Chen","39212","Consumer"
"RA-19285","Ralph Arnett","10035","Consumer"
"NP-18325","Naresj Patel","22980","Consumer"
"AB-10165","Alan Barnes","90036","Consumer"
"JO-15550","Jesus Ocampo","19013","Home Office"
"JK-15370","Jay Kimmel","90805","Consumer"
"BN-11470","Brad Norvell","27511","Corporate"
"DP-13165","David Philippe","10035","Consumer"
"TH-21550","Tracy Hopkins","10035","Home Office"
"AP-10915","Arthur Prichep","32137","Consumer"
"RS-19765","Roland Schwarz","10550","Corporate"
"SV-20365","Seth Vernon","19901","Consumer"
"CK-12325","Christine Kargatis","84057","Home Office"
"RD-19810","Ross DeVincentis","90045","Home Office"
"MR-17545","Mathew Reese","19140","Home Office"
"SC-20695","Steve Chapman","33012","Corporate"
"JF-15355","Jay Fein","78745","Consumer"
"EG-13900","Emily Grady","11572","Consumer"
"DS-13030","Darrin Sayre","98115","Home Office"
"PO-19195","Phillina Ober","60540","Home Office"
"SS-20875","Sung Shariari","75220","Consumer"
"PB-19105","Peter Buhler","60201","Consumer"
"RF-19735","Roland Fjeld","48183","Consumer"
"YC-21895","Yoseph Carroll","94110","Corporate"
"DC-13285","Debra Catini","55016","Consumer"
"CP-12340","Christine Phan","10009","Corporate"
"BF-11020","Barry Franzosisch","54302","Corporate"
"LH-17020","Lisa Hazard","43229","Consumer"
"CS-12250","Chris Selesnick","71111","Corporate"
"AJ-10795","Anthony Johnson","33710","Corporate"
"BV-11245","Benjamin Venier","50315","Corporate"
"DL-12865","Dan Lawera","45231","Consumer"
"BM-11785","Bryan Mills","43229","Consumer"
"LT-17110","Liz Thompson","93534","Consumer"
"JK-15730","Joe Kamberova","28806","Consumer"
"ES-14020","Erica Smith","94110","Consumer"
"RH-19495","Rick Hansen","55901","Consumer"
"CD-11920","Carlos Daly","92530","Consumer"
"HW-14935","Helen Wasserman","92105","Corporate"
"MC-18130","Mike Caudle","71203","Corporate"
"GM-14440","Gary McGarr","94122","Consumer"
"PJ-19015","Pauline Johnson","92704","Consumer"
"BW-11110","Bart Watters","53209","Corporate"
"TR-21325","Toby Ritter","7109","Consumer"
"PG-18820","Patrick Gardner","94110","Consumer"
"JL-15175","James Lanier","38401","Home Office"
"BM-11650","Brian Moss","10035","Corporate"
"EM-14095","Eudokia Martin","90036","Corporate"
"AF-10885","Art Foster","40214","Consumer"
"GA-14725","Guy Armstrong","44052","Consumer"
"CK-12760","Cyma Kinney","7036","Corporate"
"DP-13105","Dave Poirier","93905","Corporate"
"BK-11260","Berenike Kampe","10035","Consumer"
"SJ-20125","Sanjit Jacobs","8901","Home Office"
"CM-12445","Chuck Magee","94122","Consumer"
"AJ-10780","Anthony Jacobs","22153","Corporate"
"LS-16945","Linda Southworth","19140","Corporate"
"GP-14740","Guy Phonely","17602","Corporate"
"PK-18910","Paul Knutson","19143","Home Office"
"SM-20005","Sally Matthias","10009","Consumer"
"AG-10765","Anthony Garverick","19120","Home Office"
"PM-19135","Peter McVee","48227","Home Office"
"LL-16840","Lauren Leatherbury","14609","Consumer"
"JS-15595","Jill Stevenson","90045","Corporate"
"EL-13735","Ed Ludwig","21044","Home Office"
"PC-18745","Pamela Coakley","94122","Corporate"
"HL-15040","Hunter Lopez","77095","Consumer"
"MS-17365","Maribeth Schnelling","48227","Consumer"
"GB-14530","George Bell","13021","Corporate"
"JR-16210","Justin Ritter","45503","Corporate"
"BE-11335","Bill Eplett","49201","Home Office"
"SC-20050","Sample Company A","6360","Home Office"
"RW-19630","Rob Williams","75220","Corporate"
"SE-20110","Sanjit Engle","10009","Consumer"
"AH-10075","Adam Hart","10011","Corporate"
"JM-15535","Jessica Myrick","19143","Consumer"
"JJ-15760","Joel Jenkins","22153","Home Office"
"RK-19300","Ralph Kennedy","19140","Consumer"
"CG-12040","Catherine Glotzbach","19120","Home Office"
"RP-19270","Rachel Payne","92503","Corporate"
"KC-16255","Karen Carlisle","94110","Corporate"
"KH-16360","Katherine Hughes","19143","Consumer"
"GH-14665","Greg Hansen","78664","Consumer"
"SW-20275","Scott Williamson","39212","Consumer"
"JA-15970","Joseph Airdo","85023","Consumer"
"DL-12925","Daniel Lacy","92054","Consumer"
"LW-16990","Lindsay Williams","94110","Corporate"
"TB-21190","Thomas Brumley","72701","Home Office"
"BS-11800","Bryan Spruell","10011","Home Office"
"RW-19690","Robert Waldorf","28403","Consumer"
"TZ-21580","Tracy Zic","80027","Consumer"
"AS-10630","Ann Steele","77506","Home Office"
"TS-21340","Toby Swindell","77041","Consumer"
"SL-20155","Sara Luxemburg","32216","Home Office"
"MW-18235","Mitch Willingham","23464","Corporate"
"RD-19585","Rob Dowd","42420","Consumer"
"RA-19945","Ryan Akin","92563","Consumer"
"MT-17815","Meg Tillman","85254","Consumer"
"VG-21790","Vivek Gonzalez","92037","Consumer"
"JS-15880","John Stevenson","98103","Consumer"
"KM-16225","Kalyca Meade","10011","Corporate"
"HR-14770","Hallie Redmond","90045","Home Office"
"DE-13255","Deanra Eno","45503","Home Office"
"AG-10390","Allen Goldenen","45231","Consumer"
"JJ-15445","Jennifer Jackson","90004","Consumer"
"JH-15430","Jennifer Halladay","27217","Consumer"
"RD-19660","Robert Dilbeck","63376","Home Office"
"MO-17500","Mary O'Rourke","10035","Consumer"
"NS-18640","Noel Staavos","60610","Corporate"
"DG-13300","Deirdre Greer","19134","Corporate"
"564","DA%5",NULL,NULL
"NF-18595","Nicole Fjeld","10009","Home Office"
"MG-17650","Matthew Grinstein","19143","Home Office"
"TS-21160","Theresa Swint","43615","Corporate"
"BD-11620","Brian DeCherney","94122","Consumer"
"CM-12160","Charles McCrossin","78521","Consumer"
"SN-20560","Skye Norling","90008","Home Office"
"EH-14005","Erica Hernandez","80219","Home Office"
"FO-14305","Frank Olsen","10035","Consumer"
"MS-17710","Maurice Satty","85204","Consumer"
"CC-12100","Chad Cunningham","47201","Home Office"
"DW-13540","Don Weiss","98105","Consumer"
"BT-11395","Bill Tyler","48227","Corporate"
"CY-12745","Craig Yedwab","94601","Corporate"
"BT-11485","Brad Thomas","20735","Home Office"
"PS-19045","Penelope Sewall","28205","Home Office"
"PV-18985","Paul Van Hugh","94122","Home Office"
"NM-18520","Neoma Murray","92503","Consumer"
"DL-13495","Dionis Lloyd","94110","Corporate"
"CS-12355","Christine Sundaresam","30076","Consumer"
"FH-14275","Frank Hawley","46350","Corporate"
"NC-18340","Nat Carroll","48911","Consumer"
"AA-10315","Alex Avila","55407","Consumer"
"LT-16765","Larry Tron","92025","Consumer"
"AP-10720","Anne Pryor","10035","Home Office"
"PM-18940","Paul MacIntyre","49201","Consumer"
"AT-10435","Alyssa Tate","90004","Home Office"
"CA-12055","Cathy Armstrong","77070","Home Office"
"HR-14830","Harold Ryan","98103","Corporate"
"BT-11530","Bradley Talbott","90036","Home Office"
"LH-16750","Larry Hughes","28205","Consumer"
"SW-20755","Steven Ward","10009","Corporate"
"SP-20620","Stefania Perrino","19134","Corporate"
"BF-11170","Ben Ferrer","90036","Home Office"
"KT-16480","Kean Thornton","14215","Consumer"
"BG-11695","Brooke Gillingham","45231","Corporate"
"GM-14680","Greg Matthias","98105","Consumer"
"EJ-14155","Eva Jacobs","39503","Consumer"
"NP-18700","Nora Preis","93727","Consumer"
"MH-18115","Mick Hernandez","19013","Home Office"
"JR-15700","Jocasta Rupert","32216","Consumer"
"SM-20950","Suzanne McNair","27834","Corporate"
"CC-12220","Chris Cortes","46350","Consumer"
"PF-19225","Phillip Flathmann","94122","Consumer"
"DC-12850","Dan Campbell","35630","Consumer"
"BD-11770","Bryan Davis","77070","Consumer"
"GM-14500","Gene McClure","2908","Consumer"
"TB-21355","Todd Boyes","10009","Corporate"
"JH-16180","Justin Hirsh","81001","Consumer"
"EB-13975","Erica Bern","94533","Corporate"
"QJ-19255","Quincy Jones","55106","Corporate"
"TC-21535","Tracy Collins","22204","Home Office"
"CS-12460","Chuck Sachs","31907","Consumer"
"HG-14965","Henry Goldwyn","90032","Corporate"
"LW-16825","Laurel Workman","32725","Corporate"
"MC-17575","Matt Collins","45231","Consumer"
"LP-17095","Liz Preis","42071","Consumer"
"EB-14170","Evan Bailliet","28403","Consumer"
"GZ-14545","George Zrebassa","1841","Corporate"
"CP-12085","Cathy Prescott","6360","Corporate"
"FG-14260","Frank Gastineau","94110","Home Office"
"LD-17005","Lisa DeCherney","94109","Consumer"
"AB-10255","Alejandro Ballentine","44052","Home Office"
"MN-17935","Michael Nguyen","75220","Consumer"
"JR-15670","Jim Radford","6457","Consumer"
"JF-15190","Jamie Frazer","90008","Consumer"
"CM-12115","Chad McGuire","10011","Consumer"
"AS-10045","Aaron Smayling","28540","Corporate"
"BP-11290","Beth Paige","60201","Consumer"
"ND-18370","Natalie DeCherney","40214","Consumer"
"LB-16735","Larry Blacks","76106","Consumer"
"KT-16465","Kean Takahito","90049","Consumer"
"HM-14860","Harry Marie","19120","Corporate"
"AB-10600","Ann Blume","85705","Corporate"
"SZ-20035","Sam Zeldin","90660","Home Office"
"MG-17890","Michael Granlund","20735","Home Office"
"JK-16120","Julie Kriz","60505","Home Office"
"PP-18955","Paul Prost","30080","Home Office"
"YS-21880","Yana Sorensen","27217","Corporate"
"KM-16375","Katherine Murray","24153","Home Office"
"AB-10105","Adrian Barton","85023","Consumer"
"HA-14905","Helen Abelman","10024","Consumer"
"BT-11305","Beth Thompson","92627","Home Office"
"SV-20815","Stuart Van","77041","Corporate"
"RW-19540","Rick Wilson","85204","Corporate"
"DK-12835","Damala Kotsonis","93905","Corporate"
"ST-20530","Shui Tom","44134","Consumer"
"MM-17920","Michael Moore","94110","Consumer"
"PW-19030","Pauline Webber","40475","Corporate"
"SC-20440","Shaun Chance","80013","Corporate"
"TS-21085","Thais Sissman","85023","Consumer"
"MC-17425","Mark Cousins","36608","Corporate"
"ME-17320","Maria Etezadi","31907","Home Office"
"NH-18610","Nicole Hansen","75061","Corporate"
"MB-18085","Mick Brown","8360","Consumer"
"KD-16495","Keith Dawkins","10009","Corporate"
"KN-16390","Katherine Nockton","90004","Corporate"
"NP-18685","Nora Pelletier","14304","Home Office"
"CS-12505","Cindy Stewart","27360","Consumer"
"MS-17770","Maxwell Schwartz","10035","Consumer"
"CM-12655","Corinna Mitchell","90008","Home Office"
"Co-12640","Corey-Lock","19143","Consumer"
"TS-21370","Todd Sumrall","10035","Corporate"
"JW-15220","Jane Waco","98661","Corporate"
"JD-15790","John Dryer","75019","Consumer"
"PC-19000","Pauline Chand","90004","Home Office"
"AR-10540","Andy Reiter","10024","Consumer"
"AI-10855","Arianne Irving","19120","Consumer"
"TB-21400","Tom Boeckenhauer","98105","Consumer"
"PL-18925","Paul Lucas","60610","Home Office"
"GH-14425","Gary Hwang","85705","Consumer"
"MP-18175","Mike Pelletier","92677","Home Office"
"JM-15655","Jim Mitchum","8302","Corporate"
"CL-11890","Carl Ludwig","2149","Consumer"
"DB-13270","Deborah Brumfield","92024","Home Office"
"IG-15085","Ivan Gibson","92024","Consumer"
"BO-11425","Bobby Odegard","40475","Consumer"
"AB-10150","Aimee Bixby","11561","Consumer"
"JW-16075","Julia West","19140","Consumer"
"EB-13750","Edward Becker","98103","Corporate"
"SG-20470","Sheri Gordon","10011","Consumer"
"JS-16030","Joy Smith","77036","Consumer"
"CM-12190","Charlotte Melton","19134","Consumer"
"AW-10840","Anthony Witt","75002","Consumer"
"MC-18100","Mick Crebagga","79907","Consumer"
"TT-21460","Tonja Turnell","60505","Home Office"
"VG-21805","Vivek Grady","23464","Corporate"
"MY-18295","Muhammed Yedwab","76051","Corporate"
"RD-19480","Rick Duston","98502","Consumer"
"DP-13390","Dennis Pardue","61604","Home Office"
"ML-17395","Marina Lichtenstein","90008","Corporate"
"JC-15385","Jenna Caffey","98031","Consumer"
"JG-15160","James Galang","90049","Consumer"
"MC-17275","Marc Crier","70506","Consumer"
"NW-18400","Natalie Webber","97224","Consumer"
"TB-21280","Toby Braunhardt","20016","Consumer"
"BS-11380","Bill Stewart","60076","Corporate"
"HH-15010","Hilary Holden","94110","Corporate"
"CD-12280","Christina DeMoss","98105","Consumer"
"TH-21100","Thea Hendricks","90045","Consumer"
"MM-18055","Michelle Moray","98115","Consumer"
"NS-18505","Neola Schneider","75217","Consumer"
"RB-19645","Robert Barroso","89031","Corporate"
"SW-20455","Shaun Weien","23434","Consumer"
"EB-13930","Eric Barreto","94110","Consumer"
"PS-18760","Pamela Stobb","90008","Consumer"
"HF-14995","Herbert Flentye","46203","Consumer"
"HZ-14950","Henia Zydlo","43229","Consumer"
"CD-12790","Cynthia Delaney","92037","Home Office"
"JK-15205","Jamie Kunitz","94122","Consumer"
"FM-14215","Filia McAdams","43017","Corporate"
"ED-13885","Emily Ducich","92037","Home Office"
"DA-13450","Dianna Arnett","77095","Home Office"
"JW-15955","Joni Wasserman","94601","Consumer"
"RM-19375","Raymond Messe","77095","Consumer"
"ML-17755","Max Ludwig","23434","Home Office"
"CC-12685","Craig Carroll","27405","Consumer"
"JE-15610","Jim Epp","53209","Corporate"
"RP-19855","Roy Phan","53142","Corporate"
"TB-21175","Thomas Boland","77041","Corporate"
"BE-11455","Brad Eason","66062","Home Office"
"JF-15565","Jill Fjeld","75081","Consumer"
"PB-19210","Phillip Breyer","74133","Corporate"
"BT-11680","Brian Thompson","43055","Consumer"
"JL-15235","Janet Lee","60623","Consumer"
"CH-12070","Cathy Hwang","27604","Home Office"
"ND-18460","Neil Ducich","31204","Corporate"
"BF-10975","Barbara Fisher","28205","Corporate"
"KH-16330","Katharine Harms","42104","Corporate"
"GW-14605","Giulietta Weimer","98115","Consumer"
"NC-18625","Noah Childs","80013","Corporate"
"ME-18010","Michelle Ellison","94122","Corporate"
"BP-11230","Benjamin Patterson","99207","Consumer"
"JC-15775","John Castell","78207","Consumer"
"AS-10090","Adam Shillingsburg","22901","Consumer"
"AC-10450","Amy Cox","55407","Consumer"
"MD-17860","Michael Dominguez","46203","Corporate"
"DB-13660","Duane Benoit","11572","Consumer"
"EH-13990","Erica Hackney","30076","Consumer"
"EH-13765","Edward Hooks","13601","Corporate"
"SC-20230","Scot Coram","76017","Corporate"
"JE-15715","Joe Elijah","80020","Consumer"
"AC-10615","Ann Chong","10009","Corporate"
"JD-16015","Joy Daniels","60610","Consumer"
"CB-12415","Christy Brittain","43229","Consumer"
"LW-17215","Luke Weiss","91104","Consumer"
"SC-20800","Stuart Calhoun","77041","Consumer"
"AM-10705","Anne McFarland","36830","Consumer"
"RH-19510","Rick Huthwaite","2908","Home Office"
"CT-11995","Carol Triggs","55901","Consumer"
"MC-17590","Matt Collister","8861","Corporate"
"CC-12610","Corey Catlett","19134","Corporate"
"KA-16525","Kelly Andreada","91761","Consumer"
"TC-20980","Tamara Chand","98105","Corporate"
"BF-11080","Bart Folk","21215","Consumer"
"MM-17260","Magdelene Morse","19805","Consumer"
"AH-10120","Adrian Hane","85705","Home Office"
"BW-11200","Ben Wallace","33437","Consumer"
"SW-20245","Scot Wooten","95207","Consumer"
"BS-11665","Brian Stugart","19143","Consumer"
"RF-19345","Randy Ferguson","3820","Corporate"
"WB-21850","William Brown","19134","Consumer"
"TB-21625","Trudy Brown","75051","Consumer"
"AF-10870","Art Ferguson","77840","Consumer"
"RB-19435","Richard Bierner","63116","Consumer"
"KF-16285","Karen Ferguson","95336","Home Office"
"JH-15820","John Huston","44240","Consumer"
"IL-15100","Ivan Liston","94122","Consumer"
"PB-18805","Patrick Bzostek","84106","Home Office"
"RH-19600","Rob Haberlin","35810","Consumer"
"AW-10930","Arthur Wiediger","60505","Home Office"
"ML-17410","Maris LaWare","6824","Consumer"
"DB-13555","Dorothy Badders","32216","Corporate"
"MH-17620","Matt Hagelstein","94110","Corporate"
"DK-13375","Dennis Kane","43302","Consumer"
"BT-11440","Bobby Trafton","80122","Consumer"
"DB-13405","Denny Blanton","46350","Consumer"
"TG-21310","Toby Gnade","90049","Consumer"
"BF-11005","Barry Franz","91104","Home Office"
"JM-16195","Justin MacKendrick","90004","Consumer"
"MZ-17335","Maria Zettner","92024","Home Office"
"MW-18220","Mitch Webber","10035","Consumer"
"MV-17485","Mark Van Huff","22204","Consumer"
"SM-20320","Sean Miller","28110","Home Office"
"TP-21415","Tom Prescott","98115","Consumer"
"JK-15625","Jim Karlsson","98115","Consumer"
"PJ-18835","Patrick Jones","37130","Corporate"
"RS-19420","Ricardo Sperren","98115","Corporate"
"SV-20935","Susan Vittorini","10009","Consumer"
"BC-11125","Becky Castell","85345","Home Office"
"EM-13825","Elizabeth Moffitt","57103","Corporate"
"BM-11575","Brendan Murry","10035","Corporate"
"KN-16705","Kristina Nunn","80525","Home Office"
"KW-16570","Kelly Williams","37042","Consumer"
"SC-20260","Scott Cohen","94122","Corporate"
"CV-12295","Christina VanderZanden","93727","Consumer"
"SG-20605","Speros Goranitis","10009","Consumer"
"TM-21010","Tamara Manning","94122","Consumer"
"EM-13810","Eleni McCrary","90036","Corporate"
"ML-18040","Michelle Lonsdale","87105","Corporate"
"CR-12580","Clay Rozendal","60126","Home Office"
"AZ-10750","Annie Zypern","10009","Consumer"
"PW-19240","Pierre Wener","80027","Consumer"
"SC-20380","Shahid Collister","98115","Consumer"
"CM-11935","Carlos Meador","28314","Consumer"
"GM-14695","Greg Maxwell","90036","Corporate"
"TB-21250","Tim Brockman","10024","Consumer"
"JM-15865","John Murray","14701","Consumer"
"SC-20575","Sonia Cooley","46544","Consumer"
"LS-17200","Luke Schmidt","60076","Corporate"
"RR-19315","Ralph Ritter","94110","Consumer"
"DB-12910","Daniel Byrd","33614","Home Office"
"TT-21220","Thomas Thornton","77041","Consumer"
"LO-17170","Lori Olson","92253","Corporate"
"KD-16615","Ken Dana","85254","Corporate"
"NB-18580","Nicole Brennan","19134","Corporate"
"BD-11635","Brian Derr","42104","Consumer"
"CM-12235","Chris McAfee","75007","Consumer"
"EN-13780","Edward Nazzal","10035","Consumer"
"KN-16450","Kean Nguyen","32216","Corporate"
"BO-11350","Bill Overfelt","90045","Corporate"
"AG-10300","Aleksandra Gannaway","90049","Corporate"
"MC-17635","Matthew Clasen","63116","Corporate"
"TA-21385","Tom Ashbrook","10024","Home Office"
"JF-15295","Jason Fortune-","98103","Consumer"
"TT-21265","Tim Taslimi","90045","Corporate"
"SB-20170","Sarah Bern","10035","Consumer"
"CL-12700","Craig Leslie","65807","Home Office"
"HG-15025","Hunter Glantz","79109","Consumer"
"NL-18310","Nancy Lomonaco","90045","Home Office"
"RR-19525","Rick Reed","1852","Corporate"
"TC-21295","Toby Carlisle","92024","Consumer"
"SV-20785","Stewart Visinsky","81001","Consumer"
"BE-11410","Bobby Elias","43130","Consumer"
"SC-20680","Steve Carroll","31907","Home Office"
"DF-13135","David Flashing","94591","Consumer"
"FH-14350","Fred Harton","98105","Consumer"
"MS-17530","MaryBeth Skach","92037","Consumer"
"RH-19555","Ritsa Hightower","32303","Consumer"
"GA-14515","George Ashbrook","94122","Consumer"
"JP-16135","Julie Prescott","31907","Home Office"
"Dp-13240","Dean percer","84107","Home Office"
"MO-17950","Michael Oakman","75220","Consumer"
"DL-13330","Denise Leinenbach","88001","Consumer"
"MH-18025","Michelle Huthwaite","98115","Consumer"
"DR-12940","Daniel Raglin","2038","Home Office"
"DM-13015","Darrin Martin","92024","Consumer"
"CA-11965","Carol Adams","35244","Corporate"
"AC-10660","Anna Chung","77340","Consumer"
"DM-13345","Denise Monton","30076","Corporate"
"VF-21715","Vicky Freymann","47201","Home Office"
"CC-12370","Christopher Conant","28314","Consumer"
"BF-11275","Beth Fritzler","85705","Corporate"
"HG-14845","Harry Greene","70601","Consumer"
"BP-11155","Becky Pak","31907","Consumer"
"EM-14140","Eugene Moren","85301","Home Office"
"MA-17995","Michelle Arnett","13601","Home Office"
"AY-10555","Andy Yotov","92054","Corporate"
"GB-14575","Giulietta Baptist","19134","Consumer"
"CG-12520","Claire Gute","42420","Consumer"
"DV-13045","Darrin Van Huff","90036","Corporate"
"SO-20335","Sean O'Donnell","33311","Consumer"
"BH-11710","Brosina Hoffman","90032","Consumer"
"AA-10480","Andrew Allen","28027","Consumer"
"IM-15070","Irene Maddox","98103","Consumer"
"HP-14815","Harold Pawlan","76106","Home Office"
"PK-19075","Pete Kriz","53711","Consumer"
"AG-10270","Alejandro Grove","84084","Consumer"
"ZD-21925","Zuschuss Donatelli","94109","Consumer"
"KB-16585","Ken Black","68025","Corporate"
"SF-20065","Sandra Flanagan","19140","Consumer"
"EB-13870","Emily Burns","84057","Consumer"
"EH-13945","Eric Hoffmann","90049","Consumer"
"TB-21520","Tracy Blumstein","19140","Consumer"
"MA-17560","Matt Abelman","77095","Home Office"
"JB-16045","Julia Barnett","31907","Home Office"
"MG-17875","Michael Grace","10011","Home Office"
"SR-20425","Sharelle Roach","80027","Home Office"
"JB-16000","Joy Bell-","78521","Consumer"
"DM-12955","Dario Medina","48146","Corporate"
"TC-21475","Tony Chapman","31907","Home Office"
"SW-20350","Sean Wendt","48227","Home Office"
"RE-19450","Richard Eichhorn","75081","Consumer"
"BF-11215","Benjamin Farhat","87105","Home Office"
"KB-16405","Katrina Bavinger","92307","Home Office"
"JG-15310","Jason Gross","2908","Corporate"
"EC-14050","Erin Creighton","10024","Consumer"
"EB-14110","Eugene Barchas","19134","Consumer"
"JP-15460","Jennifer Patt","11572","Corporate"
"CS-11845","Cari Sayre","98105","Corporate"
"GH-14410","Gary Hansen","85301","Home Office"
"PT-19090","Pete Takahito","77070","Consumer"
"JL-15130","Jack Lebron","77036","Consumer"
"AH-10030","Aaron Hawkins","19134","Corporate"
"CC-12475","Cindy Chapman","10024","Consumer"
"DW-13195","David Wiener","77095","Corporate"
"SJ-20215","Sarah Jordon","75051","Consumer"
"BG-11740","Bruce Geld","19120","Consumer"
"LB-16795","Laurel Beltran","60035","Home Office"
"CM-11815","Candace McMahon","77506","Corporate"
"EH-14185","Evan Henry","35601","Consumer"
"TS-21505","Tony Sayre","38401","Consumer"
"PR-18880","Patrick Ryan","94601","Consumer"
"LC-17050","Liz Carlisle","92691","Consumer"
"JG-15115","Jack Garza","98198","Consumer"
"CS-12490","Cindy Schnelling","77301","Corporate"
"DH-13075","Dave Hallsten","40475","Corporate"
"JO-15145","Jack O'Briant","19140","Corporate"
"AH-10690","Anna Haberlin","10024","Corporate"
"HJ-14875","Heather Jas","32216","Home Office"
"MH-17455","Mark Hamilton","28540","Consumer"
"RD-19930","Russell D'Ascenzo","78745","Consumer"
"SC-20020","Sam Craven","75023","Consumer"
"SU-20665","Stephanie Ulpright","39212","Home Office"
"FC-14335","Fred Chung","75150","Corporate"
"RB-19330","Randy Bradley","19143","Consumer"
"NC-18535","Nick Crebassa","75217","Corporate"
"DB-12970","Darren Budd","90004","Corporate"
"MF-17665","Maureen Fritzler","43615","Corporate"
"RM-19750","Roland Murray","10011","Consumer"
"VM-21835","Vivian Mathis","19711","Consumer"
"EJ-13720","Ed Jacobs","92037","Consumer"
"NC-18415","Nathan Cano","28540","Consumer"
"LS-17230","Lycoris Saunders","19901","Consumer"
"KE-16420","Katrina Edelman","37620","Corporate"
"DH-13675","Duane Huffman","2169","Home Office"
"PF-19120","Peter Fuller","85234","Consumer"
"VT-21700","Valerie Takahito","19143","Home Office"
"MG-17695","Maureen Gnade","14215","Consumer"
"SP-20920","Susan Pistek","90036","Consumer"
"CS-12175","Charles Sheldon","38401","Corporate"
"DK-12895","Dana Kaydos","53142","Consumer"
"KM-16660","Khloe Miller","30076","Consumer"
"AA-10645","Anna Andreadi","19013","Consumer"
"DD-13570","Dorothy Dickinson","77041","Consumer"
"AH-10465","Amy Hunt","10035","Consumer"
"TP-21565","Tracy Poddar","80013","Corporate"
"EK-13795","Eileen Kiefer","92704","Home Office"
"CR-12820","Cyra Reiten","10035","Home Office"
"SG-20890","Susan Gilcrest","78501","Corporate"
"AH-10585","Angele Hood","60623","Consumer"
"NF-18475","Neil Franzosisch","61107","Home Office"
"BS-11365","Bill Shonely","10011","Corporate"
"SH-20635","Stefanie Holloman","38301","Corporate"
"RD-19720","Roger Demir","32114","Consumer"
"AG-10330","Alex Grayson","95207","Consumer"
"GR-14560","Georgia Rosenberg","94110","Corporate"
"VS-21820","Vivek Sundaresam","90036","Consumer"
"TM-21490","Tony Molinari","73120","Consumer"
"TS-21430","Tom Stivers","90045","Corporate"
"DB-13360","Dennis Bolton","10009","Home Office"
"NR-18550","Nick Radford","60505","Consumer"
"CS-11860","Cari Schnelling","28540","Consumer"
"MF-18250","Monica Federle","90036","Corporate"
"LW-17125","Liz Willingham","6360","Consumer"
"AR-10345","Alex Russell","1841","Corporate"
"KS-16300","Karen Seio","84043","Corporate"
"AB-10015","Aaron Bergman","98103","Consumer"
"LR-17035","Lisa Ryan","19134","Corporate"
"SS-20410","Shahid Shariari","90008","Consumer"
"JM-15580","Jill Matthias","28110","Consumer"
"JK-15325","Jason Klamczynski","75220","Corporate"
"DM-13525","Don Miller","77070","Corporate"
"ML-18265","Muhammed Lee","98103","Consumer"
"MH-17290","Marc Harrigan","90036","Home Office"
"FC-14245","Frank Carlisle","44107","Home Office"
"TH-21115","Thea Hudgings","19140","Corporate"
"JK-16090","Juliana Krohn","68104","Consumer"
"SB-20185","Sarah Brown","3301","Consumer"
"BG-11035","Barry Gonzalez","71203","Consumer"
"BW-11065","Barry Weirich","27604","Consumer"
"MG-18205","Mitch Gastineau","32216","Corporate"
"DO-13645","Doug O'Connell","90036","Consumer"
"BP-11050","Barry Pond","2920","Corporate"
"TS-21655","Trudy Schmidt","53209","Consumer"
"EM-14200","Evan Minnotte","23464","Home Office"
"AO-10810","Anthony O'Donnell","90045","Corporate"
"MH-17440","Mark Haberlin","10035","Corporate"
"SS-20515","Shirley Schmidt","40214","Home Office"
"LD-16855","Lela Donovan","60653","Corporate"
"VP-21760","Victoria Pisteka","94109","Corporate"
"TC-21145","Theresa Coyne","8701","Corporate"
"IM-15055","Ionia McGrath","95661","Consumer"
"AR-10570","Anemone Ratner","31907","Consumer"
"CM-12715","Craig Molinari","77340","Corporate"
"FW-14395","Fred Wasserman","35810","Corporate"
"LC-16960","Lindsay Castell","22204","Home Office"
"HE-14800","Harold Engle","60623","Corporate"
"BD-11560","Brendan Dodson","93727","Home Office"
"HD-14785","Harold Dahlen","19143","Home Office"
"CJ-11875","Carl Jackson","19140","Corporate"
"RS-19870","Roy Skaria","52601","Home Office"
"SC-20845","Sung Chung","60004","Consumer"
"RE-19405","Ricardo Emerson","44240","Consumer"
"SM-20905","Susan MacKendrick","43055","Consumer"
"id-12345","arc","440024","arc-da"
"id-12346","arc1","440024","arc-da1"
